name,category,brand,color,material,size,type,powder,sulphur,chlorine,silicone_oil,static,length,thickness,surface,packaging,sku,image_url
Spore Ordinary,Bao ngón cao su,Suzuki Latex,Vàng,Cao su tự nhiên,S 15mm - M 18mm - L 21mm,Cut | Shortcut | Roll | Unroll,có bột,có,không,không,không,63 ± 2 mm (Shortcut 45 ± 2 mm),0.10 ± 0.02 mm,Nhám,"1,440 cái x 20 gói / thùng",SP028-1,http://hstatic.net/770/1000108770/1/2016/8-8/pr_234b308d-69a7-41f0-76be-fca0b83b4e48.jpg
Spore Clean,Bao ngón cao su,Suzuki Latex,Vàng,Cao su tự nhiên,S 15mm - M 18mm - L 21mm,Cut | Roll | Unroll,ít bột,có,không,không,không,63 ± 2 mm,0.10 ± 0.02 mm,Nhám,"1,440 cái x 20 gói / thùng",,
Spore Chlorinated,Bao ngón cao su,Suzuki Latex,Vàng,Cao su tự nhiên,S 15mm - M 18mm - L 21mm,Cut | Shortcut | Roll | Unroll,không bột,có,có,không,không,63 ± 2 mm (Shortcut 45 ± 2 mm),0.10 ± 0.02 mm,Nhám,"1,440 cái x 20 gói / thùng",,
Spore Lite II Ordinary,Bao ngón cao su,Suzuki Latex,Trắng,Cao su tự nhiên,S 15mm - M 18mm - L 21mm,Cut | Shortcut |  Roll,có bột,có,không,không,10¹⁰ ~ 10¹² Ohm/square,63 ± 2 mm (Shortcut 45 ± 2 mm),0.10 ± 0.02 mm,Nhám,"1,440 cái x 20 gói / thùng",,
Spore Lite II Clean,Bao ngón cao su,Suzuki Latex,Trắng,Cao su tự nhiên,S 15mm - M 18mm - L 21mm,Cut |  Roll,ít bột,có,không,không,10¹⁰ ~ 10¹² Ohm/square,63 ± 2 mm,0.10 ± 0.02 mm,Nhám,"1,440 cái x 20 gói / thùng",SP022-5,http://hstatic.net/770/1000108770/1/2016/8-8/pr106.jpg
Spore Lite II Chlorinated,Bao ngón cao su,Suzuki Latex,Trắng,Cao su tự nhiên,S 15mm - M 18mm - L 21mm,Cut | Roll,không bột,có,có,không,10¹⁰ ~ 10¹² Ohm/square,63 ± 2 mm,0.10 ± 0.02 mm,Nhám,"1,440 cái x 20 gói / thùng",SP022-4,http://hstatic.net/770/1000108770/1/2016/8-8/ao-dai-cachtan-02_948c953c-7598-49d3-5a9f-c0577efdce96.jpg
Spore Black Clean,Bao ngón cao su,Suzuki Latex,Đen,Cao su tự nhiên,S 15mm - M 18mm - L 21mm,Roll | Unroll,ít bột,có,không,không,10⁶ ~ 10⁸ Ohm/square,63 ± 2 mm,0.10 ± 0.02 mm,Nhám,"1,440 cái x 20 gói / thùng",,http://hstatic.net/770/1000108770/1/2016/8-8/ao-dai-cachtan-04_7912a04b-b282-4121-6db6-58f2108d4ee2.jpg
Spore Black Chlorinated,Bao ngón cao su,Suzuki Latex,Đen,Cao su tự nhiên,S 15mm - M 18mm - L 21mm,Cut | Shortcut | Roll | Unroll,không bột,có,có,không,10⁶ ~ 10⁸ Ohm/square,63 ± 2 mm (Shortcut 45 ± 2 mm),0.10 ± 0.02 mm,Nhám - Nhẵn,"1,440 cái x 20 gói / thùng",SP025-1,http://hstatic.net/770/1000108770/1/2016/8-8/pr1.jpg
Spore Black E9 Chlorinated,Bao ngón cao su,Suzuki Latex,Đen,Cao su tự nhiên,S 15mm - M 18mm - L 21mm,Roll | Unroll,không bột,có,có,không,10⁹ Ohm/square,63 ± 2 mm,0.10 ± 0.02 mm,Nhẵn,"1,440 cái x 20 gói / thùng",,
Spore Sulphur Free,Bao ngón cao su,Suzuki Latex,Vàng,Cao su tự nhiên,S 15mm - M 18mm - L 21mm,Cut,có bột,không,không,không,không,63 ± 2 mm,0.10 ± 0.02 mm,Nhẵn,"1,440 cái x 20 gói / thùng",,
Spore Pink AS Chlorinated,Bao ngón cao su,Suzuki Latex,Hồng,Cao su tự nhiên,S 15mm - M 18mm - L 21mm,Roll,không bột,có,có,không,10¹⁰ ~ 10¹² Ohm/square,63 ± 2 mm,0.13 ± 0.02 mm,Nhẵn,"1,440 cái x 20 gói / thùng",,
Mask Orange,Bao ngón cao su,Suzuki Latex,Cam,Cao su tự nhiên,S 15mm - M 18mm - L 20mm,Unroll,có bột,có,không,không,không,41 ± 2 | 47 ± 2 | 50 ± 2,0.37 mm | 0.39 mm | 0.41 mm,Nhám,300 cái x 36 gói / thùng (S) | 300 cái x 30 gói / thùng (M) | 300 cái x 24 gói / thùng (L),SP015-1,http://hstatic.net/770/1000108770/1/2016/8-8/pr82.jpg
Mask Black,Bao ngón cao su,Suzuki Latex,Đen,Cao su tự nhiên,S 15mm - M 18mm - L 20mm,Unroll,không bột,có,không,không,10⁶ ~ 10⁸ Ohm/square,41 ± 2 | 47 ± 2 | 50 ± 2,0.37 mm | 0.39 mm | 0.41 mm,Nhám,100 cái x 50 hộp / thùng,,
Shield,Bao ngón cao su,Suzuki Latex,Vàng,Cao su tự nhiên,M 15mm - L 19mm,Unroll,có bột,có,không,không,không,56 ± 2 | 61 ± 2,0.34 mm,Nhám,300 cái x 30 gói / thùng,,
EDEL EX,Bao ngón cao su,Suzuki Latex,Trắng,Cao su tổng hợp,XS 13.5mm - S 15mm - SM 16.5mm - M 18mm - L 21 mm,Cut,không bột,không,không,không,10¹⁰ ~ 10¹¹ Ohm/square,50 ± 3 | 63 ± 3,0.13 ± 0.03 mm,-,"1,000 cái x 20 gói / thùng",SP015-2,http://hstatic.net/770/1000108770/1/2016/8-8/ao_kieu_nu_orgamie02.jpg
EDEL II,Bao ngón cao su,Suzuki Latex,Trắng,Cao su tổng hợp,S 15mm - SM 16.5mm - M 18mm - L 21 mm,Roll,không bột,không,không,không,10¹⁰ ~ 10¹¹ Ohm/square,60 ± 3,0.11 ± 0.03 mm,-,"1,000 cái x 20 gói / thùng",SP015-3,http://hstatic.net/770/1000108770/1/2016/8-8/pr75.jpg
EDEL,Bao ngón cao su,Suzuki Latex,Trắng,Cao su tổng hợp,XS 13.5mm - S 15mm - SM 16.5mm - M 18mm - L 21 mm,Cut,không bột,không,không,không,10¹⁰ ~ 10¹¹ Ohm/square,50 ± 3,0.16 ± 0.03 mm,-,"1,000 cái x 20 gói / thùng",,